phase,request_id,model,status,input_tokens,output_tokens,recorded_latency_ms,assumed_hardware_usd_per_hour,modeled_compute_cost_usd
warmup,req:300f:8743:6f8a:421a:be57:fc83:e163:557b,Qwen/Qwen2.5-1.5B-Instruct,ok,303,55,3427.854544000013,1.0,0.0009521818177777813
golden,req:349f:d94c:963a:4b78:886e:6731:f6e3:0f52,Qwen/Qwen2.5-1.5B-Instruct,ok,310,35,1458.2230470000468,1.0,0.000405061957500013
golden,req:411f:d726:50de:45f6:9bd1:1537:24c3:35a1,Qwen/Qwen2.5-1.5B-Instruct,ok,312,38,1346.3841689999754,1.0,0.00037399560249999316
golden,req:35e7:3449:aff3:4199:b6d0:deab:dcae:d49f,Qwen/Qwen2.5-1.5B-Instruct,ok,296,36,1279.0671390000057,1.0,0.00035529642750000155
golden,req:d095:416f:353c:4517:9dad:1389:b071:7183,Qwen/Qwen2.5-1.5B-Instruct,ok,299,38,1359.1702429999941,1.0,0.0003775472897222206
golden,req:fd4e:169d:26ba:4ba6:a4d4:a36b:f686:e2a7,Qwen/Qwen2.5-1.5B-Instruct,ok,314,51,1874.4100959999628,1.0,0.0005206694711111007
golden,req:f365:56f5:330e:4689:89ea:7e4f:e09a:45f0,Qwen/Qwen2.5-1.5B-Instruct,ok,315,41,1457.874099000037,1.0,0.00040496502750001027
golden,req:347c:7875:19cb:47a1:8bb3:a31c:84a3:c480,Qwen/Qwen2.5-1.5B-Instruct,ok,328,60,2204.63417000002,1.0,0.000612398380555561
golden,req:74bd:9403:ef09:4cba:a08d:6c7a:ee23:635f,Qwen/Qwen2.5-1.5B-Instruct,ok,328,75,3293.595621999998,1.0,0.0009148876727777773
golden,req:8634:4268:80b4:4caf:8bff:06e4:f04b:88f8,Qwen/Qwen2.5-1.5B-Instruct,ok,309,49,1719.7331829999598,1.0,0.0004777036619444333
golden,req:bdb3:ce58:14cd:4176:bee4:5180:95bc:b090,Qwen/Qwen2.5-1.5B-Instruct,ok,298,36,1315.2498659999878,1.0,0.00036534718499999663
golden,req:ce1f:0d70:7d76:4fff:bf2b:03c4:a170:6fce,Qwen/Qwen2.5-1.5B-Instruct,ok,312,49,1729.1339970000195,1.0,0.00048031499916667206
golden,req:f483:e638:0793:40e7:9c6f:8204:f208:06aa,Qwen/Qwen2.5-1.5B-Instruct,ok,329,60,2139.068947999988,1.0,0.0005941858188888855
golden,req:793f:9565:5a55:46f8:8294:8c7c:3451:0c47,Qwen/Qwen2.5-1.5B-Instruct,ok,259,30,1078.4718680000083,1.0,0.00029957551888889117
golden,req:1a41:a337:fb9d:4c30:9cdc:62e6:0daf:0c8c,Qwen/Qwen2.5-1.5B-Instruct,ok,469,25,982.0825630000058,1.0,0.00027280071194444607
golden,req:707f:afe9:8b58:453e:9a37:073c:160b:2270,Qwen/Qwen2.5-1.5B-Instruct,ok,281,8,408.48687499999414,1.0,0.00011346857638888727
golden,req:14f7:af7b:e3c0:40da:a8a2:cb48:1e70:e2ba,Qwen/Qwen2.5-1.5B-Instruct,ok,260,30,1370.2899830000206,1.0,0.0003806361063888946
golden,req:fa59:ddcd:dffb:404a:949d:48a6:a285:4bfc,Qwen/Qwen2.5-1.5B-Instruct,ok,470,25,1122.1719220000068,1.0,0.0003117144227777797
golden,req:91f1:50e1:0a5f:491b:8526:9e2b:81c4:8669,Qwen/Qwen2.5-1.5B-Instruct,ok,297,8,311.23187900004723,1.0,8.645329972223535e-05
golden,req:aca3:b6de:8f54:4381:b429:4079:f07a:8af7,Qwen/Qwen2.5-1.5B-Instruct,ok,256,30,1072.6982470000053,1.0,0.00029797173527777927
golden,req:dba3:fc63:2401:4678:8ea5:f142:8787:53d8,Qwen/Qwen2.5-1.5B-Instruct,ok,466,25,947.6379069999439,1.0,0.00026323275194442883
golden,req:2855:e799:6e4a:4426:9c4a:0eab:d610:bdec,Qwen/Qwen2.5-1.5B-Instruct,ok,278,8,317.38988000000745,1.0,8.816385555555762e-05
golden,req:de4c:072e:42d3:455c:b1d8:8ca2:6c7f:6cc3,Qwen/Qwen2.5-1.5B-Instruct,ok,258,30,1079.6143680000228,1.0,0.0002998928800000063
golden,req:4a30:2549:2ffb:4527:b331:e89b:b2f2:5813,Qwen/Qwen2.5-1.5B-Instruct,ok,468,25,945.8790539999882,1.0,0.0002627441816666634
golden,req:bb5e:bb3c:912f:4285:ab46:cc27:52f0:b745,Qwen/Qwen2.5-1.5B-Instruct,ok,295,8,307.47970400000213,1.0,8.541102888888948e-05
golden,req:5354:90ed:03c5:434c:b8f1:3ad1:a6be:b6d1,Qwen/Qwen2.5-1.5B-Instruct,ok,257,30,1089.6775100000013,1.0,0.0003026881972222226
golden,req:e00b:45a3:f4ab:48a3:9a4c:61b1:fced:a011,Qwen/Qwen2.5-1.5B-Instruct,ok,467,25,945.4103550000355,1.0,0.00026261398750000985
golden,req:f3c3:fa1d:244c:44b3:b202:01a0:0a00:16c7,Qwen/Qwen2.5-1.5B-Instruct,ok,279,8,302.14248300001145,1.0,8.392846750000319e-05
golden,req:f89d:8a18:79d1:47a2:860a:db1e:a68e:5856,Qwen/Qwen2.5-1.5B-Instruct,ok,257,30,1081.3495870000338,1.0,0.0003003748852777872
golden,req:4cba:8e8c:ad40:49fc:8899:2b7a:0a1a:1836,Qwen/Qwen2.5-1.5B-Instruct,ok,467,25,956.8279860000075,1.0,0.00026578555166666877
golden,req:5f6d:4e22:b889:4b7a:b932:9e4d:808a:0438,Qwen/Qwen2.5-1.5B-Instruct,ok,294,8,397.38749500003223,1.0,0.00011038541527778673
golden,req:7c83:5b62:ff61:4b96:9ee6:6306:fbed:9203,Qwen/Qwen2.5-1.5B-Instruct,ok,257,30,1409.6947510000177,1.0,0.0003915818752777827
golden,req:3286:ada8:9828:406e:abf7:185d:5079:dd42,Qwen/Qwen2.5-1.5B-Instruct,ok,467,25,1146.6866979999963,1.0,0.00031852408277777675
golden,req:3e5e:48d9:da65:432e:bc16:dd69:34f6:e5bc,Qwen/Qwen2.5-1.5B-Instruct,ok,279,8,310.6199629999651,1.0,8.628332305554586e-05
golden,req:90c6:d7fa:7290:42f3:8730:50e7:d7ff:6a2e,Qwen/Qwen2.5-1.5B-Instruct,ok,255,30,1053.4952040000007,1.0,0.00029263755666666686
golden,req:2fdb:5b64:ea36:46c9:9013:b61e:5b50:413f,Qwen/Qwen2.5-1.5B-Instruct,ok,465,25,953.8366310000015,1.0,0.0002649546197222226
golden,req:ec34:7070:0b38:4a98:b429:f045:db58:30b4,Qwen/Qwen2.5-1.5B-Instruct,ok,292,8,313.1737850000036,1.0,8.699271805555655e-05
golden,req:f741:31ce:d0f8:46a8:9c50:0b9d:6ffc:eb80,Qwen/Qwen2.5-1.5B-Instruct,ok,280,16,608.4660420000318,1.0,0.00016901834500000884
golden,req:4ea7:8d6d:3c84:4b5a:8973:10b4:aa26:180e,Qwen/Qwen2.5-1.5B-Instruct,ok,282,16,595.9539270000391,1.0,0.00016554275750001087
golden,req:dc18:e5ef:cfc4:4a20:bb7d:6060:d6c1:3ab5,Qwen/Qwen2.5-1.5B-Instruct,ok,279,16,606.0854930000232,1.0,0.00016835708138889535
golden,req:d594:1568:7bc6:44db:bbe5:a4f8:238d:53bb,Qwen/Qwen2.5-1.5B-Instruct,ok,280,16,592.7599729999997,1.0,0.0001646555480555555
golden,req:2017:f09a:5e7a:41b0:97dd:6dae:6b26:f071,Qwen/Qwen2.5-1.5B-Instruct,ok,282,16,578.3837609999978,1.0,0.0001606621558333327
golden,req:5b70:bf8a:df91:4861:af66:fcc1:cd0e:dcdb,Qwen/Qwen2.5-1.5B-Instruct,ok,279,16,593.698298999982,1.0,0.00016491619416666165
golden,req:2020:73d0:2a74:463b:817b:1d4d:819a:2487,Qwen/Qwen2.5-1.5B-Instruct,ok,283,16,592.2015829999623,1.0,0.00016450043972221175
golden,req:f0f9:52f6:ddd6:42dd:adfe:f0b0:86dd:45ed,Qwen/Qwen2.5-1.5B-Instruct,ok,283,16,609.0558089999831,1.0,0.00016918216916666197
golden,req:c49e:5037:a15a:4277:83f0:e770:301e:0602,Qwen/Qwen2.5-1.5B-Instruct,ok,306,48,1759.9477450000336,1.0,0.0004888743736111205
golden,req:0e32:c636:9da5:43f5:bb56:a945:876c:43f7,Qwen/Qwen2.5-1.5B-Instruct,ok,306,32,1406.6490810000118,1.0,0.0003907358558333366
golden,req:0bb1:9606:a008:45f2:b7cb:718c:085e:678b,Qwen/Qwen2.5-1.5B-Instruct,ok,294,32,1561.347779000016,1.0,0.0004337077163888934
golden,req:4768:d48b:6824:4208:83b9:b745:7f7c:bba9,Qwen/Qwen2.5-1.5B-Instruct,ok,293,37,1327.2324669999875,1.0,0.0003686756852777743
golden,req:95fe:78c7:1ae3:4b71:a100:3e7c:f587:0d87,Qwen/Qwen2.5-1.5B-Instruct,ok,310,37,1410.3873489999614,1.0,0.0003917742636111004
golden,req:e9cd:f582:437f:4ebc:9041:ae22:d039:a123,Qwen/Qwen2.5-1.5B-Instruct,ok,309,35,1261.6618129999893,1.0,0.00035046161472221924
golden,req:85d0:bf13:63df:49ff:b650:8ffe:cb01:9830,Qwen/Qwen2.5-1.5B-Instruct,ok,324,27,976.7644370000426,1.0,0.00027132345472223406
golden,req:08ac:c682:88d6:4a39:838e:e51c:65a1:7b4e,Qwen/Qwen2.5-1.5B-Instruct,ok,327,37,1339.4885120000026,1.0,0.00037208014222222293
golden,req:70f6:4aeb:b932:4185:a4df:2d87:e4b3:bcc8,Qwen/Qwen2.5-1.5B-Instruct,ok,256,29,1046.2387579999586,1.0,0.0002906218772222107
golden,req:b462:f579:aa68:42e6:87b2:5ed6:b96e:590e,Qwen/Qwen2.5-1.5B-Instruct,ok,465,24,973.0966500000022,1.0,0.0002703046250000006
golden,req:19a0:4085:2fe7:48fb:a183:ff88:75dc:554c,Qwen/Qwen2.5-1.5B-Instruct,ok,290,8,318.7344589999839,1.0,8.853734972221775e-05
golden,req:0af4:d45d:c3ff:4c12:b968:bb22:f428:2ab6,Qwen/Qwen2.5-1.5B-Instruct,ok,258,30,1089.0182389999836,1.0,0.00030250506638888436
golden,req:594d:c581:aae9:48c7:9cac:bf3e:3d05:fa95,Qwen/Qwen2.5-1.5B-Instruct,ok,468,25,1214.26724600002,1.0,0.00033729645722222775
golden,req:c997:72fd:824c:4905:bcc9:6dcc:566b:0e5d,Qwen/Qwen2.5-1.5B-Instruct,ok,295,8,387.3182189999511,1.0,0.0001075883941666531
golden,req:e444:dd53:fa56:4557:a3d8:b4cb:4b71:5531,Qwen/Qwen2.5-1.5B-Instruct,ok,253,29,1312.5282280000192,1.0,0.00036459117444444976
golden,req:51c2:7857:0af5:44f2:9eb5:bd56:b1d2:f58d,Qwen/Qwen2.5-1.5B-Instruct,ok,462,24,929.3145720000098,1.0,0.0002581429366666694
golden,req:b62f:2d83:935d:4251:904a:99ad:4d3f:53a7,Qwen/Qwen2.5-1.5B-Instruct,ok,287,8,306.8398890000026,1.0,8.523330250000072e-05
golden,req:432f:8e56:f58f:4040:81d6:3b32:b87f:bb71,Qwen/Qwen2.5-1.5B-Instruct,ok,253,30,1052.3818550000215,1.0,0.0002923282930555615
golden,req:0740:2bbb:5822:46a4:b7c2:6468:a29c:653b,Qwen/Qwen2.5-1.5B-Instruct,ok,463,25,967.2518200000013,1.0,0.0002686810611111115
golden,req:37d1:552c:1413:4f59:afb0:5f92:0af6:4865,Qwen/Qwen2.5-1.5B-Instruct,ok,290,8,307.9829999999788,1.0,8.555083333332744e-05
golden,req:69f8:e123:b76d:4acd:a5fb:fab8:a0da:36cb,Qwen/Qwen2.5-1.5B-Instruct,ok,279,16,597.6536709999891,1.0,0.0001660149086111081
golden,req:2ed0:2a62:3d91:4dfd:ac71:1242:b39a:bf3a,Qwen/Qwen2.5-1.5B-Instruct,ok,279,16,587.4272550000228,1.0,0.00016317423750000632
golden,req:0e98:5073:ad05:4647:8c57:0e1e:c3b0:2a67,Qwen/Qwen2.5-1.5B-Instruct,ok,279,16,605.6556650000289,1.0,0.00016823768472223023
golden,req:5a4d:d0d1:c5cb:478c:bf2d:6e1b:75dd:53a1,Qwen/Qwen2.5-1.5B-Instruct,ok,280,16,585.1514869999619,1.0,0.00016254207972221164
golden,req:d63d:bc25:287d:43fc:8b48:b6b1:c97f:d9c4,Qwen/Qwen2.5-1.5B-Instruct,ok,255,30,1095.0469819999853,1.0,0.00030417971722221816
golden,req:1cb9:0768:6d54:4e10:9f81:2d60:e6fc:eace,Qwen/Qwen2.5-1.5B-Instruct,ok,465,25,953.7510249999741,1.0,0.00026493084027777057
golden,req:a222:7757:204f:41f8:89b1:bab8:285a:e380,Qwen/Qwen2.5-1.5B-Instruct,ok,277,8,310.31395400003703,1.0,8.619832055556585e-05
golden,req:dd05:fc43:6599:49ff:a2b6:b591:d239:b300,Qwen/Qwen2.5-1.5B-Instruct,ok,255,30,1065.7036029999745,1.0,0.000296028778611104
golden,req:8f19:cb3e:8ec6:4cb3:bb62:8231:9ec9:b5d1,Qwen/Qwen2.5-1.5B-Instruct,ok,465,25,1268.6978999999496,1.0,0.00035241608333331934
golden,req:b0e4:8a9b:fb91:46da:86f4:1aab:4323:10a4,Qwen/Qwen2.5-1.5B-Instruct,ok,277,8,378.22644999999966,1.0,0.00010506290277777768
golden,req:7427:b7a7:5e13:4741:a211:7b8c:1a78:a122,Qwen/Qwen2.5-1.5B-Instruct,ok,255,30,1357.0159899999794,1.0,0.0003769488861111054
golden,req:d477:05c2:5f1f:40bb:95ce:09ac:0b1d:1009,Qwen/Qwen2.5-1.5B-Instruct,ok,465,25,959.1140219999943,1.0,0.00026642056166666507
golden,req:f513:b1b0:cbe6:4d1f:b4e4:1ce5:d1d3:74f3,Qwen/Qwen2.5-1.5B-Instruct,ok,292,8,312.44263300004604,1.0,8.678962027779057e-05
golden,req:7c95:fe5a:d10e:497e:84fd:6d77:a4bb:00cb,Qwen/Qwen2.5-1.5B-Instruct,ok,255,30,1057.3907929999677,1.0,0.00029371966472221326
golden,req:f174:0a05:a36c:44a3:975a:caf4:f694:dce9,Qwen/Qwen2.5-1.5B-Instruct,ok,465,25,971.6426069999784,1.0,0.00026990072416666067
golden,req:6a33:043a:3bb9:4ee6:b487:ef47:81fb:bb22,Qwen/Qwen2.5-1.5B-Instruct,ok,277,8,319.0360090000013,1.0,8.862111361111146e-05
golden,req:1390:e0de:a1a1:4ff8:87d8:443f:8673:92df,Qwen/Qwen2.5-1.5B-Instruct,ok,254,29,1029.2707039999982,1.0,0.0002859085288888884
golden,req:792b:fe38:3536:402b:b4db:c6d6:c956:cf4c,Qwen/Qwen2.5-1.5B-Instruct,ok,463,24,931.664823999995,1.0,0.00025879578444444303
golden,req:32e5:48f0:783d:41c1:8352:a9a6:81b0:ba78,Qwen/Qwen2.5-1.5B-Instruct,ok,274,8,311.87904899996965,1.0,8.663306916665824e-05
golden,req:e45a:3366:2603:4c00:8c48:0c15:9845:bc31,Qwen/Qwen2.5-1.5B-Instruct,ok,254,29,1037.2646980000013,1.0,0.00028812908277777815
golden,req:b774:a7ed:593f:4bd2:ab92:1402:6cc8:47af,Qwen/Qwen2.5-1.5B-Instruct,ok,463,24,965.5976170000145,1.0,0.0002682215602777818
golden,req:07af:abd4:f0f8:43d4:aae6:7453:8a49:a58d,Qwen/Qwen2.5-1.5B-Instruct,ok,274,8,320.8081600000128,1.0,8.911337777778133e-05
golden,req:d6d8:a2ba:6572:46f1:a6bc:39f1:cbac:0bf0,Qwen/Qwen2.5-1.5B-Instruct,ok,254,29,1036.7640860000051,1.0,0.00028799002388889034
golden,req:9626:441b:6652:49b3:b828:f7ca:2273:6d4d,Qwen/Qwen2.5-1.5B-Instruct,ok,463,24,1114.6804940000266,1.0,0.0003096334705555629
golden,req:141f:c230:6d29:4d3f:87e0:7aa8:9304:8026,Qwen/Qwen2.5-1.5B-Instruct,ok,274,8,372.32196999997313,1.0,0.00010342276944443699
golden,req:0446:f9f2:5602:4f45:97a3:0479:4759:1c5a,Qwen/Qwen2.5-1.5B-Instruct,ok,254,29,1346.010342999989,1.0,0.0003738917619444414
golden,req:bbfc:3d62:f573:4ce4:860e:a4c4:4f5e:01fe,Qwen/Qwen2.5-1.5B-Instruct,ok,463,24,921.6562729999964,1.0,0.0002560156313888879
golden,req:11a5:a8eb:9ccf:47d5:be3f:99c6:198e:b3fa,Qwen/Qwen2.5-1.5B-Instruct,ok,274,8,320.61824199996636,1.0,8.906062277776843e-05
replay_no_cache,req:5f4f:ee64:3529:485a:839d:ca3e:a465:57f8,Qwen/Qwen2.5-1.5B-Instruct,ok,310,35,1264.024289999952,1.0,0.00035111785833332
replay_no_cache,req:2584:8b85:7b74:4110:9190:2312:3914:f19c,Qwen/Qwen2.5-1.5B-Instruct,ok,312,38,1371.9146619999947,1.0,0.00038108740611110964
replay_no_cache,req:8ece:c69d:a49d:4453:b6ef:307e:eb97:2b12,Qwen/Qwen2.5-1.5B-Instruct,ok,296,36,1331.5690499999846,1.0,0.0003698802916666624
replay_no_cache,req:f907:db41:50b4:4f31:b9af:e912:f1db:05e6,Qwen/Qwen2.5-1.5B-Instruct,ok,299,38,1403.9698229999544,1.0,0.00038999161749998735
replay_no_cache,req:bcf7:04f3:6163:47ee:832e:57ee:1e10:3e78,Qwen/Qwen2.5-1.5B-Instruct,ok,314,51,1850.4052279999996,1.0,0.0005140014522222222
replay_no_cache,req:71e6:432b:5a4b:45a4:9609:4a66:b914:9d4f,Qwen/Qwen2.5-1.5B-Instruct,ok,315,41,1537.854746999983,1.0,0.00042718187416666196
replay_no_cache,req:a26e:3501:38b7:444f:b91c:e274:c4eb:ae91,Qwen/Qwen2.5-1.5B-Instruct,ok,328,60,2710.4683559999785,1.0,0.0007529078766666607
replay_no_cache,req:f4e1:82e1:a2c1:4c03:bf54:d24b:0142:f9ba,Qwen/Qwen2.5-1.5B-Instruct,ok,328,75,2676.190453999993,1.0,0.0007433862372222203
replay_no_cache,req:5776:4ca9:968c:4944:a2c3:0c46:6696:8123,Qwen/Qwen2.5-1.5B-Instruct,ok,309,49,1795.1907340000162,1.0,0.0004986640927777823
replay_no_cache,req:3d9f:a146:0684:4c9a:b0d2:e727:ad5a:2798,Qwen/Qwen2.5-1.5B-Instruct,ok,298,36,1314.825173000031,1.0,0.00036522921472223084
replay_no_cache,req:2bed:f3b7:3130:48cd:86c9:b7a7:7b88:7b44,Qwen/Qwen2.5-1.5B-Instruct,ok,312,49,1771.8566970000325,1.0,0.0004921824158333423
replay_no_cache,req:a362:6baa:d105:4950:8f3e:809e:4f81:7056,Qwen/Qwen2.5-1.5B-Instruct,ok,329,60,2234.3636780000224,1.0,0.0006206565772222285
replay_no_cache,req:6d68:edf3:6f82:4938:a10e:dfce:1f53:34d1,Qwen/Qwen2.5-1.5B-Instruct,ok,306,48,2243.962936999992,1.0,0.0006233230380555533
replay_no_cache,req:0b4c:0552:2fa0:42b9:9567:b8db:bceb:aabe,Qwen/Qwen2.5-1.5B-Instruct,ok,306,32,1189.3760840000027,1.0,0.0003303822455555563
replay_no_cache,req:145f:1dc3:773c:4775:8642:4c5d:df75:847a,Qwen/Qwen2.5-1.5B-Instruct,ok,294,32,1140.559187000008,1.0,0.0003168219963888911
replay_no_cache,req:998d:fba7:c465:4e6e:b2a9:a8b7:9384:dba6,Qwen/Qwen2.5-1.5B-Instruct,ok,293,37,1351.7469020000021,1.0,0.0003754852505555562
replay_no_cache,req:d156:48c7:3b61:45a4:940a:5040:1779:5400,Qwen/Qwen2.5-1.5B-Instruct,ok,310,37,1315.4337710000163,1.0,0.00036539826972222677
replay_no_cache,req:f2c1:780a:acde:4c11:8059:f585:7685:eaae,Qwen/Qwen2.5-1.5B-Instruct,ok,309,35,1252.9797920000192,1.0,0.00034804994222222756
replay_no_cache,req:5300:3cbf:e096:4298:bd07:d5a6:6c57:edeb,Qwen/Qwen2.5-1.5B-Instruct,ok,324,27,977.0646890000307,1.0,0.00027140685805556407
replay_no_cache,req:e098:1571:4092:4a72:9306:a1ed:7f4b:3479,Qwen/Qwen2.5-1.5B-Instruct,ok,327,37,1373.1900809999615,1.0,0.000381441689166656
replay_no_cache,req:8fab:8005:866b:4e93:94dd:4e4b:43cf:4875,Qwen/Qwen2.5-1.5B-Instruct,ok,310,35,1373.1727979999846,1.0,0.00038143688833332907
replay_no_cache,req:5747:c56c:c5e1:46f1:9964:6dee:fe40:becf,Qwen/Qwen2.5-1.5B-Instruct,ok,312,38,1805.2411529999972,1.0,0.0005014558758333326
replay_no_cache,req:b73f:3897:0bae:4e42:8741:9946:4a0f:bae2,Qwen/Qwen2.5-1.5B-Instruct,ok,296,36,1586.456458999976,1.0,0.0004406823497222155
replay_no_cache,req:ad81:0da5:35e5:41de:b1a6:e309:1456:53a5,Qwen/Qwen2.5-1.5B-Instruct,ok,299,38,1427.2218220000354,1.0,0.00039645050611112096
replay_no_cache,req:ab5c:6c30:d6d9:4e62:83b2:2df6:ebe7:6cc6,Qwen/Qwen2.5-1.5B-Instruct,ok,314,51,1811.1590229999592,1.0,0.0005030997286110997
replay_no_cache,req:6052:b3d5:a706:456f:b68f:a93e:34e2:b71e,Qwen/Qwen2.5-1.5B-Instruct,ok,315,41,1447.9789460000347,1.0,0.0004022163738888985
replay_no_cache,req:498c:54de:7045:4bdb:b464:ea1e:572a:0b85,Qwen/Qwen2.5-1.5B-Instruct,ok,328,60,2136.2356000000204,1.0,0.0005933987777777834
replay_no_cache,req:02eb:af00:26a8:4d43:9ef5:c985:03f4:f36f,Qwen/Qwen2.5-1.5B-Instruct,ok,328,75,2758.482224999966,1.0,0.0007662450624999906
replay_no_cache,req:71a3:2d34:d9f8:4961:9910:78a6:3454:9792,Qwen/Qwen2.5-1.5B-Instruct,ok,309,49,2179.061726000043,1.0,0.0006052949238889009
replay_no_cache,req:734b:108b:9b0d:424c:afea:cb9e:3702:327b,Qwen/Qwen2.5-1.5B-Instruct,ok,298,36,1277.7079059999892,1.0,0.00035491886277777475
replay_no_cache,req:6da0:4a12:3f3b:4906:8ef3:571e:6829:a174,Qwen/Qwen2.5-1.5B-Instruct,ok,312,49,1729.8514630000454,1.0,0.0004805142952777904
replay_no_cache,req:7057:6fb5:67a9:4f1e:a9eb:d6e8:8d61:88cb,Qwen/Qwen2.5-1.5B-Instruct,ok,329,60,2106.316678999974,1.0,0.0005850879663888817
replay_no_cache,req:4429:0092:5844:4ac4:9db5:1658:c3f7:645c,Qwen/Qwen2.5-1.5B-Instruct,ok,306,48,1750.4294750000327,1.0,0.0004862304097222313
replay_no_cache,req:d93f:836f:0f4a:455b:93d1:6065:263d:41ac,Qwen/Qwen2.5-1.5B-Instruct,ok,306,32,1152.419817000009,1.0,0.00032011661583333583
replay_no_cache,req:53c3:6d1b:0f7e:4fb7:a245:93e0:0dc2:7789,Qwen/Qwen2.5-1.5B-Instruct,ok,294,32,1165.2003160000959,1.0,0.0003236667544444711
replay_no_cache,req:e7dd:dc9d:3fa4:4e65:9151:d73f:1bf0:4d93,Qwen/Qwen2.5-1.5B-Instruct,ok,293,37,1625.017822000018,1.0,0.00045139383944444946
replay_no_cache,req:5058:1ccc:0619:44c8:bb41:bdb1:e01f:64cb,Qwen/Qwen2.5-1.5B-Instruct,ok,310,37,1691.3575600000286,1.0,0.0004698215444444524
replay_no_cache,req:6c7a:9dfd:f8e2:4f8d:bfec:9b80:d58b:9210,Qwen/Qwen2.5-1.5B-Instruct,ok,309,35,1279.789328999982,1.0,0.0003554970358333283
replay_no_cache,req:58eb:1732:b177:4396:a403:2493:431c:29b3,Qwen/Qwen2.5-1.5B-Instruct,ok,324,27,973.7698149999687,1.0,0.0002704916152777691
replay_no_cache,req:8b13:5b8a:9690:47d5:b801:7cc6:6ef8:b973,Qwen/Qwen2.5-1.5B-Instruct,ok,327,37,1330.0009120000595,1.0,0.00036944469777779433
replay_response_cache,req:07cb:5669:bdd3:44b5:b673:2751:0edb:2e6e,Qwen/Qwen2.5-1.5B-Instruct,ok,310,35,1274.9925010000425,1.0,0.0003541645836111229
replay_response_cache,req:5606:7bf6:8778:4de1:b257:fe9a:683e:1be7,Qwen/Qwen2.5-1.5B-Instruct,ok,312,38,1382.2023669999908,1.0,0.0003839451019444419
replay_response_cache,req:8588:53b1:8217:480a:8221:52c4:574e:36d5,Qwen/Qwen2.5-1.5B-Instruct,ok,296,36,1325.473349000049,1.0,0.0003681870413889025
replay_response_cache,req:a8ac:1439:5c0b:4336:b8bc:8991:0ab1:7a54,Qwen/Qwen2.5-1.5B-Instruct,ok,299,38,1381.6058710000334,1.0,0.0003837794086111204
replay_response_cache,req:c6b1:cacb:ee81:446a:8c30:fd49:e1df:9824,Qwen/Qwen2.5-1.5B-Instruct,ok,314,51,2240.584715999944,1.0,0.0006223846433333177
replay_response_cache,req:a547:156e:eabf:4580:ac71:7e40:f7fb:3ed5,Qwen/Qwen2.5-1.5B-Instruct,ok,315,41,3180.9958509999205,1.0,0.000883609958611089
replay_response_cache,req:f10d:45e2:3311:4378:bd48:4abb:3334:3ef4,Qwen/Qwen2.5-1.5B-Instruct,ok,328,60,2136.279212999966,1.0,0.0005934108924999906
replay_response_cache,req:02c8:1a79:dedd:4761:a51b:0d87:811c:a636,Qwen/Qwen2.5-1.5B-Instruct,ok,328,75,2720.8910990000277,1.0,0.0007558030830555633
replay_response_cache,req:2e7c:668f:ef59:4036:bd35:762e:4479:a468,Qwen/Qwen2.5-1.5B-Instruct,ok,309,49,1760.2982339999471,1.0,0.000488971731666652
replay_response_cache,req:0ba6:53e4:8313:439f:8347:836a:5a7c:3a70,Qwen/Qwen2.5-1.5B-Instruct,ok,298,36,1409.4582870000067,1.0,0.0003915161908333352
replay_response_cache,req:442b:aae5:9cf9:4596:bbcb:bc5f:0a91:95ca,Qwen/Qwen2.5-1.5B-Instruct,ok,312,49,2297.591764999993,1.0,0.0006382199347222203
replay_response_cache,req:1fdb:12f2:45f5:4bb5:90cb:70f7:52fb:faa6,Qwen/Qwen2.5-1.5B-Instruct,ok,329,60,2139.701446999993,1.0,0.0005943615130555536
replay_response_cache,req:3075:a404:0532:4cf2:af26:b4ab:4ced:ea80,Qwen/Qwen2.5-1.5B-Instruct,ok,306,48,1741.536574999941,1.0,0.0004837601597222058
replay_response_cache,req:27e6:dc2d:2ab5:43a3:a101:3996:2fe4:ebc5,Qwen/Qwen2.5-1.5B-Instruct,ok,306,32,1192.9053630000226,1.0,0.0003313626008333396
replay_response_cache,req:44f5:9c29:471f:41e3:8c6c:f29d:725c:7d78,Qwen/Qwen2.5-1.5B-Instruct,ok,294,32,1165.8999989999757,1.0,0.00032386111083332656
replay_response_cache,req:d864:873a:766a:4722:a142:2c82:fa62:03db,Qwen/Qwen2.5-1.5B-Instruct,ok,293,37,1320.517992999953,1.0,0.00036681055361109807
replay_response_cache,req:db38:73f8:d41b:49b2:be6d:97af:1eba:a6c3,Qwen/Qwen2.5-1.5B-Instruct,ok,310,37,1354.8612959999673,1.0,0.00037635035999999093
replay_response_cache,req:dbc4:d48d:b1a2:4e32:9baa:70dc:93d6:0b74,Qwen/Qwen2.5-1.5B-Instruct,ok,309,35,1434.9879620000365,1.0,0.00039860776722223235
replay_response_cache,req:6558:88ed:b4d6:4da2:80b5:6ea0:e004:9629,Qwen/Qwen2.5-1.5B-Instruct,ok,324,27,1278.1918579999,1.0,0.00035505329388886114
replay_response_cache,req:355f:5efe:32b6:4129:b4b8:6f19:051d:95da,Qwen/Qwen2.5-1.5B-Instruct,ok,327,37,1495.430340000098,1.0,0.0004153973166666939
replay_response_cache,req:304c:af40:481d:4eba:bfe9:8c87:6dd5:35e8,Qwen/Qwen2.5-1.5B-Instruct,ok,310,35,1276.619922000009,1.0,0.0003546166450000025
replay_response_cache,req:01fb:91d3:ca65:448a:8e56:a678:ba15:cf89,Qwen/Qwen2.5-1.5B-Instruct,ok,312,38,1373.698185999956,1.0,0.00038158282944443224
replay_response_cache,req:0636:4050:c064:451a:868b:3a52:a0ef:a124,Qwen/Qwen2.5-1.5B-Instruct,ok,296,36,1329.130235999969,1.0,0.00036920284333332473
replay_response_cache,req:ac34:03fb:d9de:4627:bb24:0e5e:1af1:bc3a,Qwen/Qwen2.5-1.5B-Instruct,ok,299,38,1406.661224000004,1.0,0.00039073922888889
replay_response_cache,req:f596:946b:d3c8:44ed:a3aa:c962:4000:f482,Qwen/Qwen2.5-1.5B-Instruct,ok,314,51,1860.7744050000292,1.0,0.0005168817791666748
replay_response_cache,req:aae2:5b57:fa1a:4666:a543:c5cb:71eb:2874,Qwen/Qwen2.5-1.5B-Instruct,ok,315,41,1483.6723659999507,1.0,0.0004121312127777641
replay_response_cache,req:e649:8b65:ccf1:4ec9:bada:50a7:641c:b197,Qwen/Qwen2.5-1.5B-Instruct,ok,328,60,2762.353566999991,1.0,0.0007673204352777752
replay_response_cache,req:8a83:47d8:5877:49bd:b723:6739:72d4:1f3f,Qwen/Qwen2.5-1.5B-Instruct,ok,328,75,2660.8726760000536,1.0,0.0007391312988889038
replay_response_cache,req:ecf5:0f9d:5fcd:45b7:9845:f592:8597:ef4c,Qwen/Qwen2.5-1.5B-Instruct,ok,309,49,1810.9784330000593,1.0,0.0005030495647222387
replay_response_cache,req:d562:3005:b369:407f:92ef:f4fc:d2f2:5bc7,Qwen/Qwen2.5-1.5B-Instruct,ok,298,36,1377.5588859999743,1.0,0.00038265524611110396
replay_response_cache,req:4f62:a2eb:d771:4491:9d31:fb3b:3604:90a6,Qwen/Qwen2.5-1.5B-Instruct,ok,312,49,1843.31222600008,1.0,0.0005120311738889111
replay_response_cache,req:4159:4cf4:34ea:4d74:a980:cb93:32d8:acca,Qwen/Qwen2.5-1.5B-Instruct,ok,329,60,2337.728810000044,1.0,0.0006493691138889011
replay_response_cache,req:8dee:1145:a880:4c16:9b6f:3fdb:8814:04ae,Qwen/Qwen2.5-1.5B-Instruct,ok,306,48,2352.1775739999384,1.0,0.0006533826594444273
replay_response_cache,req:0915:9802:6632:41a0:ad7d:201a:28dd:b16d,Qwen/Qwen2.5-1.5B-Instruct,ok,306,32,1249.422586000037,1.0,0.0003470618294444547
replay_response_cache,req:53c0:120f:65ad:41e0:be44:b6e5:3f14:d1c5,Qwen/Qwen2.5-1.5B-Instruct,ok,293,37,1391.628550000064,1.0,0.0003865634861111289
replay_response_cache,req:a822:db69:b224:43e7:8942:a847:538a:eaa9,Qwen/Qwen2.5-1.5B-Instruct,ok,310,37,1360.2521000000252,1.0,0.0003778478055555625
replay_response_cache,req:b17f:a25a:6e66:4ddc:868d:d529:9e50:ce3f,Qwen/Qwen2.5-1.5B-Instruct,ok,309,35,1313.4655579999617,1.0,0.00036485154388887824
replay_response_cache,req:255c:4662:17d0:4018:b9ce:4c51:3f73:bcd6,Qwen/Qwen2.5-1.5B-Instruct,ok,324,27,990.9038770000507,1.0,0.0002752510769444585
replay_response_cache,req:cffc:914a:19fb:43c7:b8d2:84cf:a745:253a,Qwen/Qwen2.5-1.5B-Instruct,ok,327,37,1357.025904000011,1.0,0.00037695164000000307
